half girlfriend ,chetan bhagat ,
evil under the sun ,agatha christie ,
little house on the preire ,laura ingells ,
inferno ,dan brown ,
the god of small things ,arundhati roy ,
the alchemist ,paolo cohelo ,
digital signal processing ,salivahanam ,
p.s i still love you ,jenny hann ,
josna o jononir golpo ,humayun ahmed ,
kalbela ,sunil ganguly ,
harry potter and the chamber of secrets ,j.k rowling ,
the wasp factory ,lain banks ,
the ghost girl ,tory hayden ,
five little pigs ,agatha cristie ,
oop ,balaguruswamy ,
