the da vinci code ,dan brown ,
the hunchback of notre dame ,victor hugo ,
let us c ,yashwant kanetkar ,
nouka dubi ,rabindranath thakur ,
the kite runner ,khaled hosseini ,
computer organization and architecture ,william stallings ,
a darker shade of magic ,v.e. schwab ,
to all the boys i've loved before ,jenny hann ,
death on the nile ,agatha cristie ,
two states ,chetan bhagat ,
lord of the rings ,jeorge r r martin ,
oop ,balaguruswamy ,
digital fortress ,dan brown ,
harry potter and the deathly hallows(part 1) ,j.k rowling ,
